date,INPC_reel,inflation_reelle,Gradient_Boosting_IVU_TAUX_INPC_predit,Gradient_Boosting_IVU_TAUX_inflation_predite,Random_Forest_IVU_TAUX_INPC_predit,Random_Forest_IVU_TAUX_inflation_predite
2025-01-01,124.907259825729,-0.19638604539871096,125.53688875947705,0.3064248717829351,125.31785084249202,0.13179155769936474
2025-02-01,124.773955148835,-0.10677991099470319,125.48747542171805,-0.039369356483313314,125.32094964646345,0.0024727248658484714
2025-03-01,124.917771820186,0.11519539633972897,125.73523557275178,0.19724349791375873,125.45749075419552,0.10889382756053377
2025-04-01,125.29795735971,0.30388643699170714,125.80637410607804,0.05656204181381024,125.6483315266027,0.15200030602009224
2025-05-01,125.452688237429,0.12341415671315303,126.72174711154275,0.7249703599299306,126.42953794700085,0.6198155538236985
2025-06-01,125.646513021337,0.1543810744378149,126.88149275829568,0.12598077844969383,126.5481169936676,0.09374666341889823
2025-07-01,126.978798694433,1.0547621025615683,127.50642646679377,0.49132440530810495,126.85039631330302,0.2385802971557123
2025-08-01,128.029589786742,0.8241274304080726,128.32968640710922,0.6435860619559106,127.8453504678356,0.7812923680502826
2025-09-01,128.442654039446,0.32211252468679064,128.9290357290644,0.4659514758952908,128.53229665130604,0.5358874575368949
