date,INPC_reel,inflation_reelle,ARIMAX_INPC_predit,SARIMAX_INPC_predit,ARIMAX_inflation_predite,SARIMAX_inflation_predite
2025-01-01,124.907259825729,-0.19638604539871096,125.0063548258359,125.10612055599377,-0.11708263854871262,-0.03730594184718054
2025-02-01,124.773955148835,-0.10677991099470319,124.79369144736668,124.95334981141065,-0.17026692590282344,-0.12218754471936316
2025-03-01,124.917771820186,0.11519539633972897,124.61319998402672,124.79359084297715,-0.14473657388767003,-0.12793669448422348
2025-04-01,125.29795735971,0.30388643699170714,124.35695411530813,124.55242415433685,-0.20584472072654064,-0.19343943703638378
2025-05-01,125.452688237429,0.12341415671315303,124.31446994864923,124.73981135325839,-0.0341689176648729,0.15033539559096343
2025-06-01,125.646513021337,0.1543810744378149,124.0658748455194,124.62585398234526,-0.2001729938367505,-0.09139781027406292
2025-07-01,126.978798694433,1.0547621025615683,123.73406686226868,124.13370690590688,-0.2678032765226922,-0.3956814498179715
2025-08-01,128.029589786742,0.8241274304080726,123.84963193561605,124.27464945135563,0.09335435434676487,0.1134765050900773
2025-09-01,128.442654039446,0.32211252468679064,123.73112266605158,124.24155174632011,-0.09573383747557365,-0.02663625556135696
